{"cameraMode":{"drawMode":0,"name":"Shaded","section":"Shading Mode"},"sceneLighting":true,"audioPlay":false,"sceneViewState":{"m_AlwaysRefresh":false,"showFog":true,"showSkybox":true,"showFlares":true,"showImageEffects":true,"showParticleSystems":true,"showVisualEffectGraphs":true,"m_FxEnabled":true},"in2DMode":false,"pivot":{"x":4.005362033843994,"y":-0.9591431617736816,"z":8.447664260864258},"rotation":{"x":0.15970146656036378,"y":0.07131580263376236,"z":-0.011563077569007874,"w":0.9845290780067444},"size":9.787235260009766,"orthographic":false}