{"cameraMode":{"drawMode":0,"name":"Shaded","section":"Shading Mode"},"sceneLighting":true,"audioPlay":false,"sceneViewState":{"m_AlwaysRefresh":false,"showFog":true,"showSkybox":true,"showFlares":true,"showImageEffects":true,"showParticleSystems":true,"showVisualEffectGraphs":true,"m_FxEnabled":true},"in2DMode":false,"pivot":{"x":-0.886265754699707,"y":-0.5409510135650635,"z":0.3913602828979492},"rotation":{"x":-0.0034826137125492098,"y":0.9725760221481323,"z":-0.23214833438396455,"w":-0.014603294432163239},"size":1.4660253524780274,"orthographic":false}