{"cameraMode":{"drawMode":0,"name":"Shaded","section":"Shading Mode"},"sceneLighting":true,"audioPlay":false,"sceneViewState":{"m_AlwaysRefresh":false,"showFog":true,"showSkybox":true,"showFlares":true,"showImageEffects":true,"showParticleSystems":true,"showVisualEffectGraphs":true,"m_FxEnabled":true},"in2DMode":false,"pivot":{"x":-10.933424949645996,"y":0.40441036224365237,"z":-3.7865636348724367},"rotation":{"x":0.2960420548915863,"y":-0.6586679220199585,"z":0.3172259032726288,"w":0.6147614121437073},"size":16.338729858398439,"orthographic":false}